technology,capacity_type,location,0
DAC,power,AT,1.471607078174256e-13
DAC,power,BE,1.471677031341866e-13
DAC,power,BG,1.7403738477054994e-13
DAC,power,CH,1.4716308222109314e-13
DAC,power,CZ,1.7107076799243293e-13
DAC,power,DE,1.7085946325647003e-13
DAC,power,DK,2.2351780976582776e-13
DAC,power,EE,2.212888362345634e-13
DAC,power,EL,2.2637233343914693e-13
DAC,power,ES,1.945324473007557e-13
DAC,power,FI,2.1858737923138343e-13
DAC,power,FR,1.7169236097410905e-13
DAC,power,HR,1.971357645777374e-13
DAC,power,HU,1.5849429582986302e-13
DAC,power,IE,1.8280117781826267e-13
DAC,power,IT,2.0064696403469966e-13
DAC,power,LT,2.233569106712962e-13
DAC,power,LU,1.713655832496766e-13
DAC,power,LV,2.288310896644124e-13
DAC,power,NL,1.8660357230485614e-13
DAC,power,NO,2.034132075628458e-13
DAC,power,PL,2.0152747499363336e-13
DAC,power,PT,1.84470244595654e-13
DAC,power,RO,1.5822217340001477e-13
DAC,power,SE,2.1201492217076482e-13
DAC,power,SI,1.924252658589329e-13
DAC,power,SK,1.5836460823514575e-13
DAC,power,UK,2.0374776732217203e-13
biomass_boiler,power,AT,5.06982944356831
biomass_boiler,power,BE,1.8648418279299355
biomass_boiler,power,BG,3.436625838384157
biomass_boiler,power,CH,6.869180110158205
biomass_boiler,power,CZ,6.363333807646852
biomass_boiler,power,DE,23.15749439301096
biomass_boiler,power,DK,3.0111717747752023
biomass_boiler,power,EE,1.2025087889539028
biomass_boiler,power,EL,3.320676164090451
biomass_boiler,power,ES,4.1490066715550356
biomass_boiler,power,FI,2.816487385010697
biomass_boiler,power,FR,16.55564397240139
biomass_boiler,power,HR,3.165105056225723
biomass_boiler,power,HU,4.30054730313819
biomass_boiler,power,IE,0.11921812894333675
biomass_boiler,power,IT,20.959252896360102
biomass_boiler,power,LT,1.6872306899344454
biomass_boiler,power,LU,0.047612048985242426
biomass_boiler,power,LV,1.4718972744590866
biomass_boiler,power,NL,1.9299244218839553
biomass_boiler,power,NO,1.2500017754639692
biomass_boiler,power,PL,15.460867077326887
biomass_boiler,power,PT,0.6570156140334377
biomass_boiler,power,RO,4.041978206064565
biomass_boiler,power,SE,1.975819870580775
biomass_boiler,power,SI,1.282297063001969
biomass_boiler,power,SK,1.3916215050269198
biomass_boiler,power,UK,6.536714056446155
biomass_plant,power,AT,0.1779310000001994
biomass_plant,power,BE,0.3821000000001994
biomass_plant,power,BG,0.010000000000199467
biomass_plant,power,CH,0.040400000000199464
biomass_plant,power,CZ,0.1704760000001995
biomass_plant,power,DE,2.061257000000199
biomass_plant,power,DK,0.9002000000001994
biomass_plant,power,EE,0.09530000000019948
biomass_plant,power,EL,0.05200000000019947
biomass_plant,power,ES,0.6082200000001995
biomass_plant,power,FI,1.5284000000001994
biomass_plant,power,FR,0.7721900000001992
biomass_plant,power,HR,0.019000000000199465
biomass_plant,power,HU,0.25050000000019945
biomass_plant,power,IE,0.027610000000199465
biomass_plant,power,IT,0.4810000000001992
biomass_plant,power,LT,0.021400000000199468
biomass_plant,power,LU,1.994667141789666e-13
biomass_plant,power,LV,0.03140000000019946
biomass_plant,power,NL,0.7039060000001995
biomass_plant,power,NO,1.994667141789666e-13
biomass_plant,power,PL,0.5825910000001995
biomass_plant,power,PT,0.11510000000019946
biomass_plant,power,RO,0.015000000000199467
biomass_plant,power,SE,0.8255000000001994
biomass_plant,power,SI,1.994667141789666e-13
biomass_plant,power,SK,1.994667141789666e-13
biomass_plant,power,UK,5.561300000000199
biomass_plant_CCS,power,AT,1.570173913658897e-13
biomass_plant_CCS,power,BE,1.570173913658897e-13
biomass_plant_CCS,power,BG,1.570173913658897e-13
biomass_plant_CCS,power,CH,1.570173913658897e-13
biomass_plant_CCS,power,CZ,1.570173913658897e-13
biomass_plant_CCS,power,DE,1.570173913658897e-13
biomass_plant_CCS,power,DK,1.570173913658897e-13
biomass_plant_CCS,power,EE,1.570173913658897e-13
biomass_plant_CCS,power,EL,1.570173913658897e-13
biomass_plant_CCS,power,ES,1.570173913658897e-13
biomass_plant_CCS,power,FI,1.570173913658897e-13
biomass_plant_CCS,power,FR,1.570173913658897e-13
biomass_plant_CCS,power,HR,1.570173913658897e-13
biomass_plant_CCS,power,HU,1.570173913658897e-13
biomass_plant_CCS,power,IE,1.570173913658897e-13
biomass_plant_CCS,power,IT,1.570173913658897e-13
biomass_plant_CCS,power,LT,1.570173913658897e-13
biomass_plant_CCS,power,LU,1.570173913658897e-13
biomass_plant_CCS,power,LV,1.570173913658897e-13
biomass_plant_CCS,power,NL,1.570173913658897e-13
biomass_plant_CCS,power,NO,1.570173913658897e-13
biomass_plant_CCS,power,PL,1.570173913658897e-13
biomass_plant_CCS,power,PT,1.570173913658897e-13
biomass_plant_CCS,power,RO,1.570173913658897e-13
biomass_plant_CCS,power,SE,1.570173913658897e-13
biomass_plant_CCS,power,SI,1.570173913658897e-13
biomass_plant_CCS,power,SK,1.570173913658897e-13
biomass_plant_CCS,power,UK,1.570173913658897e-13
carbon_storage,power,AT,0.0
carbon_storage,power,BE,3.2483399927162343e-12
carbon_storage,power,BG,0.0
carbon_storage,power,CH,0.0
carbon_storage,power,CZ,0.0
carbon_storage,power,DE,3.1038950343218704e-12
carbon_storage,power,DK,3.5405878291570995e-12
carbon_storage,power,EE,0.0
carbon_storage,power,EL,3.0363603148839208e-12
carbon_storage,power,ES,0.0
carbon_storage,power,FI,2.8007066888381106e-12
carbon_storage,power,FR,3.0590731916053923e-12
carbon_storage,power,HR,1.8112103547744325e-12
carbon_storage,power,HU,0.0
carbon_storage,power,IE,3.0198106531503705e-12
carbon_storage,power,IT,3.1062152947418336e-12
carbon_storage,power,LT,0.0
carbon_storage,power,LU,0.0
carbon_storage,power,LV,0.0
carbon_storage,power,NL,3.2515172420569666e-12
carbon_storage,power,NO,3.5249234324812527e-12
carbon_storage,power,PL,0.0
carbon_storage,power,PT,0.0
carbon_storage,power,RO,0.0
carbon_storage,power,SE,3.093890273952905e-12
carbon_storage,power,SI,0.0
carbon_storage,power,SK,0.0
carbon_storage,power,UK,3.3769530262202758e-12
electrode_boiler,power,AT,2.367697009517351
electrode_boiler,power,BE,1.4762268002738694
electrode_boiler,power,BG,2.144802863788894
electrode_boiler,power,CH,3.208024527390742
electrode_boiler,power,CZ,2.9085225459422293
electrode_boiler,power,DE,13.02777125106894
electrode_boiler,power,DK,20.131054131332572
electrode_boiler,power,EE,4.0488249258944
electrode_boiler,power,EL,19.677913519361315
electrode_boiler,power,ES,3.206959876637344
electrode_boiler,power,FI,14.900873153468348
electrode_boiler,power,FR,25.78194572040722
electrode_boiler,power,HR,0.7092541747456097
electrode_boiler,power,HU,1.9059783161773658
electrode_boiler,power,IE,1.0242866833511843
electrode_boiler,power,IT,134.53843226242026
electrode_boiler,power,LT,5.837173989192003
electrode_boiler,power,LU,0.1262973120108173
electrode_boiler,power,LV,4.867235123176999
electrode_boiler,power,NL,35.251350282160324
electrode_boiler,power,NO,10.668157425556798
electrode_boiler,power,PL,80.08430009130899
electrode_boiler,power,PT,0.5621652059935928
electrode_boiler,power,RO,0.09408181467240359
electrode_boiler,power,SE,16.072806258476056
electrode_boiler,power,SI,0.5046442312063253
electrode_boiler,power,SK,0.7148349611400032
electrode_boiler,power,UK,149.34437108702517
hard_coal_boiler,power,AT,0.04073101507431353
hard_coal_boiler,power,BE,0.15506209033423804
hard_coal_boiler,power,BG,0.42789721473294406
hard_coal_boiler,power,CH,0.05518700021913453
hard_coal_boiler,power,CZ,1.64990950714777
hard_coal_boiler,power,DE,1.0706093424065728
hard_coal_boiler,power,DK,0.01300278272230103
hard_coal_boiler,power,EE,1.0378305221953088e-12
hard_coal_boiler,power,EL,0.025793637485352728
hard_coal_boiler,power,ES,0.302896677049302
hard_coal_boiler,power,FI,0.09051173656074624
hard_coal_boiler,power,FR,0.1633880721209878
hard_coal_boiler,power,HR,1.0378305221953088e-12
hard_coal_boiler,power,HU,0.21899205200995475
hard_coal_boiler,power,IE,0.9274574346413542
hard_coal_boiler,power,IT,1.0378305221953088e-12
hard_coal_boiler,power,LT,0.21650230776766835
hard_coal_boiler,power,LU,1.0378305221953088e-12
hard_coal_boiler,power,LV,1.0378305221953088e-12
hard_coal_boiler,power,NL,0.01419990119438293
hard_coal_boiler,power,NO,1.0378305221953088e-12
hard_coal_boiler,power,PL,19.69519775262588
hard_coal_boiler,power,PT,1.0378305221953088e-12
hard_coal_boiler,power,RO,0.09284388057348963
hard_coal_boiler,power,SE,1.0378305221953088e-12
hard_coal_boiler,power,SI,1.0378305221953088e-12
hard_coal_boiler,power,SK,0.2527780351146499
hard_coal_boiler,power,UK,1.5426854324148613
hard_coal_plant,power,AT,4.513753114124061e-13
hard_coal_plant,power,BE,4.513753114124061e-13
hard_coal_plant,power,BG,0.1653000000004514
hard_coal_plant,power,CH,4.513753114124061e-13
hard_coal_plant,power,CZ,0.7015000000004514
hard_coal_plant,power,DE,13.087650000000455
hard_coal_plant,power,DK,1.8526000000004517
hard_coal_plant,power,EE,4.513753114124061e-13
hard_coal_plant,power,EL,4.513753114124061e-13
hard_coal_plant,power,ES,0.7979000000004515
hard_coal_plant,power,FI,0.8282400000004514
hard_coal_plant,power,FR,2.1150000000004514
hard_coal_plant,power,HR,0.21000000000045138
hard_coal_plant,power,HU,4.513753114124061e-13
hard_coal_plant,power,IE,0.8122500000004514
hard_coal_plant,power,IT,5.580000000000451
hard_coal_plant,power,LT,4.513753114124061e-13
hard_coal_plant,power,LU,4.513753114124061e-13
hard_coal_plant,power,LV,4.513753114124061e-13
hard_coal_plant,power,NL,4.223000000000452
hard_coal_plant,power,NO,0.011000000000451374
hard_coal_plant,power,PL,9.165220000000451
hard_coal_plant,power,PT,4.513753114124061e-13
hard_coal_plant,power,RO,0.1445000000004514
hard_coal_plant,power,SE,4.513753114124061e-13
hard_coal_plant,power,SI,4.513753114124061e-13
hard_coal_plant,power,SK,0.2800000000004514
hard_coal_plant,power,UK,0.6520000000004514
hard_coal_plant_CCS,power,AT,2.1591128525582959e-13
hard_coal_plant_CCS,power,BE,2.1591128525582959e-13
hard_coal_plant_CCS,power,BG,2.1591128525582959e-13
hard_coal_plant_CCS,power,CH,2.1591128525582959e-13
hard_coal_plant_CCS,power,CZ,2.1591128525582959e-13
hard_coal_plant_CCS,power,DE,2.1591128525582959e-13
hard_coal_plant_CCS,power,DK,2.1591128525582959e-13
hard_coal_plant_CCS,power,EE,2.1591128525582959e-13
hard_coal_plant_CCS,power,EL,2.1591128525582959e-13
hard_coal_plant_CCS,power,ES,2.1591128525582959e-13
hard_coal_plant_CCS,power,FI,2.1591128525582959e-13
hard_coal_plant_CCS,power,FR,2.1591128525582959e-13
hard_coal_plant_CCS,power,HR,2.1591128525582959e-13
hard_coal_plant_CCS,power,HU,2.1591128525582959e-13
hard_coal_plant_CCS,power,IE,2.1591128525582959e-13
hard_coal_plant_CCS,power,IT,2.1591128525582959e-13
hard_coal_plant_CCS,power,LT,2.1591128525582959e-13
hard_coal_plant_CCS,power,LU,2.1591128525582959e-13
hard_coal_plant_CCS,power,LV,2.1591128525582959e-13
hard_coal_plant_CCS,power,NL,2.1591128525582959e-13
hard_coal_plant_CCS,power,NO,2.1591128525582959e-13
hard_coal_plant_CCS,power,PL,2.1591128525582959e-13
hard_coal_plant_CCS,power,PT,2.1591128525582959e-13
hard_coal_plant_CCS,power,RO,2.1591128525582959e-13
hard_coal_plant_CCS,power,SE,2.1591128525582959e-13
hard_coal_plant_CCS,power,SI,2.1591128525582959e-13
hard_coal_plant_CCS,power,SK,2.1591128525582959e-13
hard_coal_plant_CCS,power,UK,2.1591128525582959e-13
heat_pump,power,AT,25.664990835316903
heat_pump,power,BE,37.91710381257422
heat_pump,power,BG,10.324529838565825
heat_pump,power,CH,34.773841316696036
heat_pump,power,CZ,30.442921108714685
heat_pump,power,DE,241.6192368844594
heat_pump,power,DK,1.5733249477382345
heat_pump,power,EE,0.052839136368564146
heat_pump,power,EL,5.748965667054354
heat_pump,power,ES,38.79964332156871
heat_pump,power,FI,4.176062775742891
heat_pump,power,FR,156.39968943615176
heat_pump,power,HR,8.995713795611541
heat_pump,power,HU,28.30847527259363
heat_pump,power,IE,9.702672416913712
heat_pump,power,IT,20.690638947927688
heat_pump,power,LT,0.14097717609922444
heat_pump,power,LU,2.6855465207930638
heat_pump,power,LV,0.06846608819657134
heat_pump,power,NL,10.180888486080033
heat_pump,power,NO,9.000666137117708
heat_pump,power,PL,1.5136973471618145
heat_pump,power,PT,3.0422609958795146
heat_pump,power,RO,13.187100006243282
heat_pump,power,SE,6.8605779315057065
heat_pump,power,SI,4.049538436671661
heat_pump,power,SK,8.441271672400077
heat_pump,power,UK,5.704927826970869
lignite_coal_plant,power,AT,3.959607687615637e-13
lignite_coal_plant,power,BE,3.959607687615637e-13
lignite_coal_plant,power,BG,1.4991000000003958
lignite_coal_plant,power,CH,3.959607687615637e-13
lignite_coal_plant,power,CZ,0.4766000000003959
lignite_coal_plant,power,DE,10.917850000000394
lignite_coal_plant,power,DK,3.959607687615637e-13
lignite_coal_plant,power,EE,3.959607687615637e-13
lignite_coal_plant,power,EL,2.022500000000396
lignite_coal_plant,power,ES,0.06500000000039596
lignite_coal_plant,power,FI,3.959607687615637e-13
lignite_coal_plant,power,FR,3.959607687615637e-13
lignite_coal_plant,power,HR,3.959607687615637e-13
lignite_coal_plant,power,HU,3.959607687615637e-13
lignite_coal_plant,power,IE,3.959607687615637e-13
lignite_coal_plant,power,IT,3.959607687615637e-13
lignite_coal_plant,power,LT,3.959607687615637e-13
lignite_coal_plant,power,LU,3.959607687615637e-13
lignite_coal_plant,power,LV,3.959607687615637e-13
lignite_coal_plant,power,NL,3.959607687615637e-13
lignite_coal_plant,power,NO,3.959607687615637e-13
lignite_coal_plant,power,PL,5.504000000000397
lignite_coal_plant,power,PT,3.959607687615637e-13
lignite_coal_plant,power,RO,1.317200000000396
lignite_coal_plant,power,SE,3.959607687615637e-13
lignite_coal_plant,power,SI,3.959607687615637e-13
lignite_coal_plant,power,SK,3.959607687615637e-13
lignite_coal_plant,power,UK,3.959607687615637e-13
lng_terminal,power,AT,0.0
lng_terminal,power,BE,18.98233195066589
lng_terminal,power,BG,0.0
lng_terminal,power,CH,0.0
lng_terminal,power,CZ,0.0
lng_terminal,power,DE,3.9022000000101977
lng_terminal,power,DK,0.0
lng_terminal,power,EE,2.917000000010435
lng_terminal,power,EL,8.775858753350128
lng_terminal,power,ES,81.59626919712781
lng_terminal,power,FI,3.117000000010402
lng_terminal,power,FR,52.035931342809995
lng_terminal,power,HR,2.8996000000104374
lng_terminal,power,HU,0.0
lng_terminal,power,IE,0.0
lng_terminal,power,IT,21.971675564942498
lng_terminal,power,LT,5.359466051319985
lng_terminal,power,LU,0.0
lng_terminal,power,LV,0.0
lng_terminal,power,NL,19.686962945459666
lng_terminal,power,NO,0.0
lng_terminal,power,PL,6.914000000009689
lng_terminal,power,PT,8.233506411902814
lng_terminal,power,RO,0.0
lng_terminal,power,SE,0.0
lng_terminal,power,SI,0.0
lng_terminal,power,SK,0.0
lng_terminal,power,UK,55.26015195535116
natural_gas_boiler,power,AT,5.9441600661347405
natural_gas_boiler,power,BE,18.27492187382369
natural_gas_boiler,power,BG,0.8275148050967084
natural_gas_boiler,power,CH,8.053822431776263
natural_gas_boiler,power,CZ,10.323180311370416
natural_gas_boiler,power,DE,108.09330897622304
natural_gas_boiler,power,DK,3.4978843498919314
natural_gas_boiler,power,EE,0.4822848334818993
natural_gas_boiler,power,EL,3.5846936721694695
natural_gas_boiler,power,ES,13.093477930476125
natural_gas_boiler,power,FI,0.11817133494447005
natural_gas_boiler,power,FR,50.688594136524806
natural_gas_boiler,power,HR,2.8189907096735998
natural_gas_boiler,power,HU,16.17665838824624
natural_gas_boiler,power,IE,2.968257863370785
natural_gas_boiler,power,IT,89.24745785456588
natural_gas_boiler,power,LT,1.0094643192976307
natural_gas_boiler,power,LU,0.9801753717819282
natural_gas_boiler,power,LV,0.6680949773586612
natural_gas_boiler,power,NL,32.46096663306909
natural_gas_boiler,power,NO,0.11738241881168136
natural_gas_boiler,power,PL,16.12909585537733
natural_gas_boiler,power,PT,0.4986230706200449
natural_gas_boiler,power,RO,5.5762033971745435
natural_gas_boiler,power,SE,0.2752451267845339
natural_gas_boiler,power,SI,0.4614752551816331
natural_gas_boiler,power,SK,4.061659259316792
natural_gas_boiler,power,UK,98.45611988677595
natural_gas_turbine,power,AT,0.953500000000892
natural_gas_turbine,power,BE,3.1971000000008867
natural_gas_turbine,power,BG,0.018000000001193155
natural_gas_turbine,power,CH,0.052250000000829785
natural_gas_turbine,power,CZ,0.9419500000008901
natural_gas_turbine,power,DE,12.058915800000857
natural_gas_turbine,power,DK,0.21550000000092107
natural_gas_turbine,power,EE,0.5206000000008915
natural_gas_turbine,power,EL,3.3700420000008817
natural_gas_turbine,power,ES,22.555064000000865
natural_gas_turbine,power,FI,1.754058087881691e-12
natural_gas_turbine,power,FR,7.603791000000852
natural_gas_turbine,power,HR,1.7507242982454902e-12
natural_gas_turbine,power,HU,3.762600000000879
natural_gas_turbine,power,IE,2.7875050000008867
natural_gas_turbine,power,IT,34.58381300000089
natural_gas_turbine,power,LT,0.10360000000098611
natural_gas_turbine,power,LU,0.3764000000008851
natural_gas_turbine,power,LV,0.051924450000842386
natural_gas_turbine,power,NL,13.194000000000859
natural_gas_turbine,power,NO,0.6900000000008912
natural_gas_turbine,power,PL,1.7704500000008834
natural_gas_turbine,power,PT,4.298863000000873
natural_gas_turbine,power,RO,1.187200000000887
natural_gas_turbine,power,SE,0.7080000000008908
natural_gas_turbine,power,SI,1.7556976525746574e-12
natural_gas_turbine,power,SK,0.31898700000087105
natural_gas_turbine,power,UK,30.932429000000884
natural_gas_turbine_CCS,power,AT,6.937646081996494e-13
natural_gas_turbine_CCS,power,BE,6.684065662330108e-13
natural_gas_turbine_CCS,power,BG,6.951893913618348e-13
natural_gas_turbine_CCS,power,CH,6.953080427297021e-13
natural_gas_turbine_CCS,power,CZ,6.947394169003993e-13
natural_gas_turbine_CCS,power,DE,6.679972112942833e-13
natural_gas_turbine_CCS,power,DK,6.681157770322352e-13
natural_gas_turbine_CCS,power,EE,6.933172964310539e-13
natural_gas_turbine_CCS,power,EL,6.679656851958541e-13
natural_gas_turbine_CCS,power,ES,6.953535500337673e-13
natural_gas_turbine_CCS,power,FI,6.679283892312429e-13
natural_gas_turbine_CCS,power,FR,6.943867594948204e-13
natural_gas_turbine_CCS,power,HR,6.680897772328386e-13
natural_gas_turbine_CCS,power,HU,6.951774448605124e-13
natural_gas_turbine_CCS,power,IE,6.680134093155337e-13
natural_gas_turbine_CCS,power,IT,6.678238938743722e-13
natural_gas_turbine_CCS,power,LT,6.92999529401873e-13
natural_gas_turbine_CCS,power,LU,6.953231041400678e-13
natural_gas_turbine_CCS,power,LV,6.958462393185512e-13
natural_gas_turbine_CCS,power,NL,6.678795903862889e-13
natural_gas_turbine_CCS,power,NO,6.677896077421955e-13
natural_gas_turbine_CCS,power,PL,6.954639442926148e-13
natural_gas_turbine_CCS,power,PT,6.950898189192978e-13
natural_gas_turbine_CCS,power,RO,6.96025791713683e-13
natural_gas_turbine_CCS,power,SE,6.676531895098848e-13
natural_gas_turbine_CCS,power,SI,6.961288942145646e-13
natural_gas_turbine_CCS,power,SK,6.961072442429661e-13
natural_gas_turbine_CCS,power,UK,6.783648176320374e-13
nuclear,power,AT,0.0
nuclear,power,BE,5.943
nuclear,power,BG,4.022
nuclear,power,CH,2.92
nuclear,power,CZ,2.056
nuclear,power,DE,6.615
nuclear,power,DK,0.0
nuclear,power,EE,0.0
nuclear,power,EL,0.0
nuclear,power,ES,7.163
nuclear,power,FI,3.301
nuclear,power,FR,61.65000000000015
nuclear,power,HR,0.0
nuclear,power,HU,2.0
nuclear,power,IE,0.0
nuclear,power,IT,0.0
nuclear,power,LT,0.0
nuclear,power,LU,0.0
nuclear,power,LV,0.0
nuclear,power,NL,0.482
nuclear,power,NO,0.0
nuclear,power,PL,0.0
nuclear,power,PT,0.0
nuclear,power,RO,2.74
nuclear,power,SE,6.96
nuclear,power,SI,0.696
nuclear,power,SK,2.684
nuclear,power,UK,6.848000000000001
oil_boiler,power,AT,3.669665780227122
oil_boiler,power,BE,10.48652155963479
oil_boiler,power,BG,0.6842391578761493
oil_boiler,power,CH,4.972079528324512
oil_boiler,power,CZ,1.3283956532532464
oil_boiler,power,DE,59.25931656712698
oil_boiler,power,DK,2.295150292804506
oil_boiler,power,EE,0.3865682367590206
oil_boiler,power,EL,8.878535811124838
oil_boiler,power,ES,12.643115209080852
oil_boiler,power,FI,2.5908608864817184
oil_boiler,power,FR,30.301554512227227
oil_boiler,power,HR,1.293650695622536
oil_boiler,power,HU,1.9758131125296108
oil_boiler,power,IE,4.910680244558639
oil_boiler,power,IT,16.29806013499657
oil_boiler,power,LT,0.4244288746604728
oil_boiler,power,LU,0.7883212237755779
oil_boiler,power,LV,0.7098402391908506
oil_boiler,power,NL,2.803599356799172
oil_boiler,power,NO,1.6664557568423746
oil_boiler,power,PL,9.717168762323576
oil_boiler,power,PT,0.9531903069619688
oil_boiler,power,RO,1.3681551808793442
oil_boiler,power,SE,1.422892359413529
oil_boiler,power,SI,1.1050255524121817
oil_boiler,power,SK,0.17583928287987008
oil_boiler,power,UK,18.932657596707262
oil_plant,power,AT,3.453092527928318e-13
oil_plant,power,BE,3.453092527928318e-13
oil_plant,power,BG,3.453092527928318e-13
oil_plant,power,CH,3.453092527928318e-13
oil_plant,power,CZ,0.00040000000034530925
oil_plant,power,DE,0.4642000000003452
oil_plant,power,DK,3.453092527928318e-13
oil_plant,power,EE,0.03500000000034531
oil_plant,power,EL,0.1268600000003453
oil_plant,power,ES,1.333460000000345
oil_plant,power,FI,0.32600000000034535
oil_plant,power,FR,0.5088400000003451
oil_plant,power,HR,3.453092527928318e-13
oil_plant,power,HU,3.453092527928318e-13
oil_plant,power,IE,0.2142000000003453
oil_plant,power,IT,0.8060000000003453
oil_plant,power,LT,3.453092527928318e-13
oil_plant,power,LU,3.453092527928318e-13
oil_plant,power,LV,3.453092527928318e-13
oil_plant,power,NL,3.453092527928318e-13
oil_plant,power,NO,3.453092527928318e-13
oil_plant,power,PL,3.453092527928318e-13
oil_plant,power,PT,0.1117120000003453
oil_plant,power,RO,0.02280000000034531
oil_plant,power,SE,3.453092527928318e-13
oil_plant,power,SI,3.453092527928318e-13
oil_plant,power,SK,3.453092527928318e-13
oil_plant,power,UK,0.32105000000034534
photovoltaics,power,AT,2.742218000401538
photovoltaics,power,BE,6.870304382301553
photovoltaics,power,BG,1.2929443970015546
photovoltaics,power,CH,3.645929011201591
photovoltaics,power,CZ,2.1520400122015446
photovoltaics,power,DE,61.051245834701525
photovoltaics,power,DK,2.0375130087015387
photovoltaics,power,EE,0.37000000000159244
photovoltaics,power,EL,4.157394962301556
photovoltaics,power,ES,18.026789759001506
photovoltaics,power,FI,0.38635000040157574
photovoltaics,power,FR,13.73139836880148
photovoltaics,power,HR,0.11900000000155246
photovoltaics,power,HU,2.957356994601557
photovoltaics,power,IE,0.14400000000154622
photovoltaics,power,IT,22.550363770701537
photovoltaics,power,LT,0.16900000000154147
photovoltaics,power,LU,1.4274093850618627e-12
photovoltaics,power,LV,1.5545625696847586e-12
photovoltaics,power,NL,14.205800147101542
photovoltaics,power,NO,0.22249999710157758
photovoltaics,power,PL,7.780100097701532
photovoltaics,power,PT,1.7750980625015402
photovoltaics,power,RO,1.4261810303015459
photovoltaics,power,SE,1.681232943001538
photovoltaics,power,SI,0.3967119977015921
photovoltaics,power,SK,0.5744881159015428
photovoltaics,power,UK,14.243093142401557
reservoir_hydro,power,AT,5.142919999999998
reservoir_hydro,power,BE,0.01273566879
reservoir_hydro,power,BG,1.1755653086426703
reservoir_hydro,power,CH,9.53123
reservoir_hydro,power,CZ,0.711483902285
reservoir_hydro,power,DE,0.1894999999965895
reservoir_hydro,power,DK,0.0
reservoir_hydro,power,EE,0.0
reservoir_hydro,power,EL,2.4421528706087883
reservoir_hydro,power,ES,10.996152000000478
reservoir_hydro,power,FI,1.345
reservoir_hydro,power,FR,4.126736542371489
reservoir_hydro,power,HR,1.327624458599
reservoir_hydro,power,HU,0.028
reservoir_hydro,power,IE,0.0
reservoir_hydro,power,IT,5.48524
reservoir_hydro,power,LT,0.101
reservoir_hydro,power,LU,0.0
reservoir_hydro,power,LV,0.884
reservoir_hydro,power,NL,0.0
reservoir_hydro,power,NO,23.540683000001128
reservoir_hydro,power,PL,0.418353910828
reservoir_hydro,power,PT,0.9343946488299557
reservoir_hydro,power,RO,5.303480127399769
reservoir_hydro,power,SE,4.0709967459477285
reservoir_hydro,power,SI,0.47022392947169206
reservoir_hydro,power,SK,0.8044000000000001
reservoir_hydro,power,UK,0.524
run-of-river_hydro,power,AT,6.0759
run-of-river_hydro,power,BE,0.059015339742999565
run-of-river_hydro,power,BG,1.4653137507592594e-12
run-of-river_hydro,power,CH,4.872319999999999
run-of-river_hydro,power,CZ,1.0777111960421415e-12
run-of-river_hydro,power,DE,2.703905009999585
run-of-river_hydro,power,DK,0.0
run-of-river_hydro,power,EE,0.0
run-of-river_hydro,power,EL,1.088276759405064e-12
run-of-river_hydro,power,ES,0.41929000000049094
run-of-river_hydro,power,FI,1.475863575300754e-12
run-of-river_hydro,power,FR,1.598848460060045
run-of-river_hydro,power,HR,1.2743462853785206e-12
run-of-river_hydro,power,HU,0.01969999999986824
run-of-river_hydro,power,IE,0.21599999999971614
run-of-river_hydro,power,IT,1.1680669259165958e-12
run-of-river_hydro,power,LT,3.7410286188911003e-13
run-of-river_hydro,power,LU,0.0
run-of-river_hydro,power,LV,0.40200000000037306
run-of-river_hydro,power,NL,0.0
run-of-river_hydro,power,NO,0.0
run-of-river_hydro,power,PL,3.671527793189521e-13
run-of-river_hydro,power,PT,1.0630000000006394
run-of-river_hydro,power,RO,1.1609999999997522
run-of-river_hydro,power,SE,1.627101227621235e-12
run-of-river_hydro,power,SI,0.3670210000005361
run-of-river_hydro,power,SK,0.619839999997495
run-of-river_hydro,power,UK,0.1000000000003401
waste_plant,power,AT,1.1166621221853025e-13
waste_plant,power,BE,0.0025000000001116664
waste_plant,power,BG,1.1166621221853025e-13
waste_plant,power,CH,0.03200000000011167
waste_plant,power,CZ,0.01750000000011167
waste_plant,power,DE,0.6195200000001115
waste_plant,power,DK,0.10380000000011166
waste_plant,power,EE,0.01700000000011167
waste_plant,power,EL,1.1166621221853025e-13
waste_plant,power,ES,0.11150000000011165
waste_plant,power,FI,0.3200000000001117
waste_plant,power,FR,0.5030200000001115
waste_plant,power,HR,1.1166621221853025e-13
waste_plant,power,HU,1.1166621221853025e-13
waste_plant,power,IE,0.06150000000011167
waste_plant,power,IT,0.19945000000011165
waste_plant,power,LT,0.06300000000011166
waste_plant,power,LU,1.1166621221853025e-13
waste_plant,power,LV,1.1166621221853025e-13
waste_plant,power,NL,0.19400000000011167
waste_plant,power,NO,0.07135000000011166
waste_plant,power,PL,0.05150000000011157
waste_plant,power,PT,1.1166621221853025e-13
waste_plant,power,RO,1.1166621221853025e-13
waste_plant,power,SE,0.20940000000011166
waste_plant,power,SI,1.1166621221853025e-13
waste_plant,power,SK,1.1166621221853025e-13
waste_plant,power,UK,1.2343500000001113
wind_offshore,power,AT,0.0
wind_offshore,power,BE,2.2557
wind_offshore,power,BG,3.078549734827982e-13
wind_offshore,power,CH,0.0
wind_offshore,power,CZ,0.0
wind_offshore,power,DE,27.83999999999987
wind_offshore,power,DK,2.3006000000006424
wind_offshore,power,EE,3.048151539247577e-13
wind_offshore,power,EL,2.900293994719271e-13
wind_offshore,power,ES,3.055830944753814e-13
wind_offshore,power,FI,0.04430000000108853
wind_offshore,power,FR,0.002000000000094322
wind_offshore,power,HR,3.0983201665815485e-13
wind_offshore,power,HU,0.0
wind_offshore,power,IE,0.0252
wind_offshore,power,IT,3.097253575343157e-13
wind_offshore,power,LT,3.0729542845353964e-13
wind_offshore,power,LU,0.0
wind_offshore,power,LV,3.1188293253053663e-13
wind_offshore,power,NL,2.986200000001921
wind_offshore,power,NO,1.97664243336915e-12
wind_offshore,power,PL,3.114744020080556e-13
wind_offshore,power,PT,0.0252
wind_offshore,power,RO,3.1118118573100774e-13
wind_offshore,power,SE,0.1914000000013578
wind_offshore,power,SI,0.0
wind_offshore,power,SK,0.0
wind_offshore,power,UK,10.480400000000527
wind_onshore,power,AT,11.048560504000001
wind_onshore,power,BE,8.129689387
wind_onshore,power,BG,52.057212442447316
wind_onshore,power,CH,42.75919580817223
wind_onshore,power,CZ,76.20460719299841
wind_onshore,power,DE,106.97252483099967
wind_onshore,power,DK,21.146337464046912
wind_onshore,power,EE,2.7960159844700767
wind_onshore,power,EL,17.721215830284105
wind_onshore,power,ES,163.94940599041374
wind_onshore,power,FI,21.149705163173724
wind_onshore,power,FR,598.530504621103
wind_onshore,power,HR,12.808740727019371
wind_onshore,power,HU,53.07731244599978
wind_onshore,power,IE,12.848590300248595
wind_onshore,power,IT,178.28903694498013
wind_onshore,power,LT,4.7157813838995075
wind_onshore,power,LU,0.6938067229850701
wind_onshore,power,LV,4.455674290234913
wind_onshore,power,NL,48.86499999999655
wind_onshore,power,NO,9.690156448752116
wind_onshore,power,PL,96.66229283328153
wind_onshore,power,PT,5.749750000002699
wind_onshore,power,RO,85.87597445366258
wind_onshore,power,SE,13.131627793293301
wind_onshore,power,SI,2.1646427130216875e-12
wind_onshore,power,SK,7.118632167950464e-13
wind_onshore,power,UK,103.46572504903611
carbon_pipeline,power,AT-CH,3.5204458538742345e-12
carbon_pipeline,power,AT-CZ,5.637203229615117e-12
carbon_pipeline,power,AT-DE,3.330213268940013e-12
carbon_pipeline,power,AT-HU,3.53946271825187e-12
carbon_pipeline,power,AT-IT,2.9040476835385066e-12
carbon_pipeline,power,AT-SI,7.91760077901831e-12
carbon_pipeline,power,AT-SK,3.368833127052867e-12
carbon_pipeline,power,BE-DE,3.729689549973155e-12
carbon_pipeline,power,BE-FR,3.133575900687529e-12
carbon_pipeline,power,BE-LU,1.0634779257390543e-11
carbon_pipeline,power,BE-NL,8.291792761880345e-12
carbon_pipeline,power,BE-NO,8.420402467528677e-13
carbon_pipeline,power,BE-UK,2.4283678224382027e-12
carbon_pipeline,power,BG-EL,3.58984606431777e-12
carbon_pipeline,power,BG-RO,4.467719050059676e-12
carbon_pipeline,power,CH-AT,3.4947996344729602e-12
carbon_pipeline,power,CH-DE,2.9827716070793646e-12
carbon_pipeline,power,CH-FR,3.2231915656914533e-12
carbon_pipeline,power,CH-IT,2.7742543242721637e-12
carbon_pipeline,power,CZ-AT,5.6558583528325224e-12
carbon_pipeline,power,CZ-DE,3.95116188518036e-12
carbon_pipeline,power,CZ-PL,3.879436137279314e-12
carbon_pipeline,power,CZ-SK,4.558986142454459e-12
carbon_pipeline,power,DE-AT,3.292518046306696e-12
carbon_pipeline,power,DE-BE,3.764877113534047e-12
carbon_pipeline,power,DE-CH,2.969271265097092e-12
carbon_pipeline,power,DE-CZ,3.897526112509777e-12
carbon_pipeline,power,DE-DK,2.782221149382913e-12
carbon_pipeline,power,DE-FR,1.9588922866357975e-12
carbon_pipeline,power,DE-LU,4.4035831394717125e-12
carbon_pipeline,power,DE-NL,4.2885828661690754e-12
carbon_pipeline,power,DE-NO,9.40021807513756e-13
carbon_pipeline,power,DE-PL,2.383840595838381e-12
carbon_pipeline,power,DE-SE,1.10057407574687e-12
carbon_pipeline,power,DE-UK,1.6085449701041045e-12
carbon_pipeline,power,DK-DE,2.776626660143769e-12
carbon_pipeline,power,DK-NL,3.0929053408308016e-12
carbon_pipeline,power,DK-NO,1.4008046050482666e-12
carbon_pipeline,power,DK-SE,1.7443507798382985e-12
carbon_pipeline,power,DK-UK,1.891798204345534e-12
carbon_pipeline,power,EE-FI,2.2082739651300443e-12
carbon_pipeline,power,EE-LV,6.828114504041737e-12
carbon_pipeline,power,EL-BG,3.5828827865751767e-12
carbon_pipeline,power,EL-IT,1.59991752899804e-12
carbon_pipeline,power,ES-FR,1.5687588430725526e-12
carbon_pipeline,power,ES-PT,3.3494951700465875e-12
carbon_pipeline,power,FI-EE,2.1288256756797347e-12
carbon_pipeline,power,FI-NO,3.639777862459108e-12
carbon_pipeline,power,FI-SE,3.12723639422488e-12
carbon_pipeline,power,FR-BE,3.1493943448291113e-12
carbon_pipeline,power,FR-CH,3.229748375738376e-12
carbon_pipeline,power,FR-DE,1.956498910086509e-12
carbon_pipeline,power,FR-ES,1.516474782774634e-12
carbon_pipeline,power,FR-IT,1.6453259778921311e-12
carbon_pipeline,power,FR-LU,3.313958233852268e-12
carbon_pipeline,power,FR-NO,6.794137115735769e-13
carbon_pipeline,power,FR-UK,1.7229227912787437e-12
carbon_pipeline,power,HR-HU,4.448482844600004e-12
carbon_pipeline,power,HR-SI,7.693941517657214e-12
carbon_pipeline,power,HU-AT,3.550244525515434e-12
carbon_pipeline,power,HU-HR,4.473068305535362e-12
carbon_pipeline,power,HU-RO,3.241088987284082e-12
carbon_pipeline,power,HU-SI,4.104684649902578e-12
carbon_pipeline,power,HU-SK,8.966527697852188e-12
carbon_pipeline,power,IE-UK,4.1595547306374676e-12
carbon_pipeline,power,IT-AT,2.881835093527425e-12
carbon_pipeline,power,IT-CH,2.7726351220937363e-12
carbon_pipeline,power,IT-EL,1.5957644026777014e-12
carbon_pipeline,power,IT-FR,1.6523826741120232e-12
carbon_pipeline,power,IT-SI,3.841899567002792e-12
carbon_pipeline,power,LT-LV,8.384321819190504e-12
carbon_pipeline,power,LT-PL,3.288752076578219e-12
carbon_pipeline,power,LT-SE,1.7208012590903888e-12
carbon_pipeline,power,LU-BE,1.0660170759918128e-11
carbon_pipeline,power,LU-DE,4.398661630886836e-12
carbon_pipeline,power,LU-FR,3.3088037246559635e-12
carbon_pipeline,power,LV-EE,6.833426506958692e-12
carbon_pipeline,power,LV-LT,8.461056891786966e-12
carbon_pipeline,power,NL-BE,8.32463963933184e-12
carbon_pipeline,power,NL-DE,4.247922388079904e-12
carbon_pipeline,power,NL-DK,3.0591228599646567e-12
carbon_pipeline,power,NL-NO,9.457222983152712e-13
carbon_pipeline,power,NL-UK,2.571030520815473e-12
carbon_pipeline,power,NO-BE,8.507265812568373e-13
carbon_pipeline,power,NO-DE,9.35803020990829e-13
carbon_pipeline,power,NO-DK,1.416235393645256e-12
carbon_pipeline,power,NO-FI,3.5914854983633374e-12
carbon_pipeline,power,NO-FR,6.822164447806376e-13
carbon_pipeline,power,NO-NL,9.603516116400258e-13
carbon_pipeline,power,NO-SE,5.9958951328402335e-12
carbon_pipeline,power,NO-UK,9.131560446010055e-13
carbon_pipeline,power,PL-CZ,3.919853538146636e-12
carbon_pipeline,power,PL-DE,2.4457458191955086e-12
carbon_pipeline,power,PL-LT,3.1910342847507845e-12
carbon_pipeline,power,PL-SE,1.30603691959504e-12
carbon_pipeline,power,PL-SK,4.005625009151355e-12
carbon_pipeline,power,PT-ES,3.334092647487145e-12
carbon_pipeline,power,RO-BG,4.450435552199279e-12
carbon_pipeline,power,RO-HU,3.2679397752759045e-12
carbon_pipeline,power,SE-DE,1.1132782062792985e-12
carbon_pipeline,power,SE-DK,1.7844209252906523e-12
carbon_pipeline,power,SE-FI,3.105158540360845e-12
carbon_pipeline,power,SE-LT,1.6582353617201865e-12
carbon_pipeline,power,SE-NO,6.0254052619646735e-12
carbon_pipeline,power,SE-PL,1.2820410164370896e-12
carbon_pipeline,power,SI-AT,7.97192796007286e-12
carbon_pipeline,power,SI-HR,7.68909941389703e-12
carbon_pipeline,power,SI-HU,4.097623538746069e-12
carbon_pipeline,power,SI-IT,3.847360821680458e-12
carbon_pipeline,power,SK-AT,3.3913629818097485e-12
carbon_pipeline,power,SK-CZ,4.568502685955816e-12
carbon_pipeline,power,SK-HU,8.977246475481355e-12
carbon_pipeline,power,SK-PL,3.971471492679907e-12
carbon_pipeline,power,UK-BE,2.4097098095066136e-12
carbon_pipeline,power,UK-DE,1.583183764665409e-12
carbon_pipeline,power,UK-DK,1.874445161241469e-12
carbon_pipeline,power,UK-FR,1.7076518579400962e-12
carbon_pipeline,power,UK-IE,4.221325398562125e-12
carbon_pipeline,power,UK-NL,2.55519724260719e-12
carbon_pipeline,power,UK-NO,9.026477323036333e-13
natural_gas_pipeline,power,AT-CH,2.0637916918615773e-11
natural_gas_pipeline,power,AT-CZ,3.368724750737647e-11
natural_gas_pipeline,power,AT-DE,13.958333330010207
natural_gas_pipeline,power,AT-HU,6.3750000000108535
natural_gas_pipeline,power,AT-IT,47.91666667000861
natural_gas_pipeline,power,AT-SI,4.708333333024902
natural_gas_pipeline,power,AT-SK,10.291666670010407
natural_gas_pipeline,power,BE-DE,13.458333330011358
natural_gas_pipeline,power,BE-FR,36.2500000000096
natural_gas_pipeline,power,BE-LU,2.041666667031264
natural_gas_pipeline,power,BE-NL,13.791666670026283
natural_gas_pipeline,power,BE-NO,5.183329044738119e-12
natural_gas_pipeline,power,BE-UK,33.4583333300071
natural_gas_pipeline,power,BG-EL,4.916666667011066
natural_gas_pipeline,power,BG-RO,6.166666667013901
natural_gas_pipeline,power,CH-AT,2.0643017836592748e-11
natural_gas_pipeline,power,CH-DE,7.208333333009097
natural_gas_pipeline,power,CH-FR,4.16666666700995
natural_gas_pipeline,power,CH-IT,26.66666667000828
natural_gas_pipeline,power,CZ-AT,3.3657721662745145e-11
natural_gas_pipeline,power,CZ-DE,51.333333330012046
natural_gas_pipeline,power,CZ-PL,1.1666666670119676
natural_gas_pipeline,power,CZ-SK,51.916666670014024
natural_gas_pipeline,power,DE-AT,14.166666670010068
natural_gas_pipeline,power,DE-BE,16.500000000011404
natural_gas_pipeline,power,DE-CH,13.291666670008988
natural_gas_pipeline,power,DE-CZ,75.1666666700119
natural_gas_pipeline,power,DE-DK,5.666666667008329
natural_gas_pipeline,power,DE-FR,25.583333330005853
natural_gas_pipeline,power,DE-LU,1.1250000000133311
natural_gas_pipeline,power,DE-NL,24.750000000013024
natural_gas_pipeline,power,DE-NO,5.6742300451126605e-12
natural_gas_pipeline,power,DE-PL,9.750000000007203
natural_gas_pipeline,power,DE-SE,6.614193176365348e-12
natural_gas_pipeline,power,DE-UK,9.337855616396395e-12
natural_gas_pipeline,power,DK-DE,0.1666666670081496
natural_gas_pipeline,power,DK-NL,1.7783674947304618e-11
natural_gas_pipeline,power,DK-NO,8.30621713037056e-12
natural_gas_pipeline,power,DK-SE,16.500000000005205
natural_gas_pipeline,power,DK-UK,1.0942129151439396e-11
natural_gas_pipeline,power,EE-FI,2.9310000000064518
natural_gas_pipeline,power,EE-LV,7.437500000020861
natural_gas_pipeline,power,EL-BG,6.054000000011024
natural_gas_pipeline,power,EL-IT,20.295800000004725
natural_gas_pipeline,power,ES-FR,9.333333333005333
natural_gas_pipeline,power,ES-PT,6.000000000012165
natural_gas_pipeline,power,FI-EE,2.93100000000645
natural_gas_pipeline,power,FI-NO,2.0933802682168468e-11
natural_gas_pipeline,power,FI-SE,1.8004122411683126e-11
natural_gas_pipeline,power,FR-BE,11.250000000009669
natural_gas_pipeline,power,FR-CH,9.291666667009945
natural_gas_pipeline,power,FR-DE,1.2916000000058563
natural_gas_pipeline,power,FR-ES,6.875000000005399
natural_gas_pipeline,power,FR-IT,9.54473088659094e-12
natural_gas_pipeline,power,FR-LU,1.9547514987589786e-11
natural_gas_pipeline,power,FR-NO,4.020992254334456e-12
natural_gas_pipeline,power,FR-UK,9.934476422554658e-12
natural_gas_pipeline,power,HR-HU,2.1666666670138963
natural_gas_pipeline,power,HR-SI,0.3333333330203694
natural_gas_pipeline,power,HU-AT,2.0872983192633438e-11
natural_gas_pipeline,power,HU-HR,3.2500000000136966
natural_gas_pipeline,power,HU-RO,3.2083333330097425
natural_gas_pipeline,power,HU-SI,2.4256045307569637e-11
natural_gas_pipeline,power,HU-SK,5.380985287619392e-11
natural_gas_pipeline,power,IE-UK,2.522797709156379e-11
natural_gas_pipeline,power,IT-AT,8.083333333008804
natural_gas_pipeline,power,IT-CH,18.50000000000836
natural_gas_pipeline,power,IT-EL,9.349514692581119e-12
natural_gas_pipeline,power,IT-FR,9.543217067441103e-12
natural_gas_pipeline,power,IT-SI,1.208333333011862
natural_gas_pipeline,power,LT-LV,2.833333333026567
natural_gas_pipeline,power,LT-PL,2.419550000009752
natural_gas_pipeline,power,LT-SE,9.708058243965438e-12
natural_gas_pipeline,power,LU-BE,6.385101267637488e-11
natural_gas_pipeline,power,LU-DE,2.60829110318863e-11
natural_gas_pipeline,power,LU-FR,1.9539019093802802e-11
natural_gas_pipeline,power,LV-EE,3.045000000021592
natural_gas_pipeline,power,LV-LT,2.708333333026577
natural_gas_pipeline,power,NL-BE,58.20833333002613
natural_gas_pipeline,power,NL-DE,53.041666670012845
natural_gas_pipeline,power,NL-DK,1.7786441999052386e-11
natural_gas_pipeline,power,NL-NO,5.761132553859062e-12
natural_gas_pipeline,power,NL-UK,20.583333330007573
natural_gas_pipeline,power,NO-BE,20.333333330002585
natural_gas_pipeline,power,NO-DE,51.95833333000282
natural_gas_pipeline,power,NO-DK,11.152330000004211
natural_gas_pipeline,power,NO-FI,2.0945479317535545e-11
natural_gas_pipeline,power,NO-FR,23.750000000002014
natural_gas_pipeline,power,NO-NL,40.125000000002856
natural_gas_pipeline,power,NO-SE,3.534686824015017e-11
natural_gas_pipeline,power,NO-UK,62.45833333000277
natural_gas_pipeline,power,PL-CZ,2.3038534383403522e-11
natural_gas_pipeline,power,PL-DE,38.833333330007115
natural_gas_pipeline,power,PL-LT,2.5645000000097657
natural_gas_pipeline,power,PL-SE,7.482026262745047e-12
natural_gas_pipeline,power,PL-SK,2.3571279649355855e-11
natural_gas_pipeline,power,PT-ES,3.333333333012116
natural_gas_pipeline,power,RO-BG,33.58333333001377
natural_gas_pipeline,power,RO-HU,2.0833333330099575
natural_gas_pipeline,power,SE-DE,6.612650130876605e-12
natural_gas_pipeline,power,SE-DK,16.5000000000052
natural_gas_pipeline,power,SE-FI,1.8006524503359414e-11
natural_gas_pipeline,power,SE-LT,9.715403416089105e-12
natural_gas_pipeline,power,SE-NO,3.5327885262441696e-11
natural_gas_pipeline,power,SE-PL,7.480365303680945e-12
natural_gas_pipeline,power,SI-AT,4.761613389000164e-11
natural_gas_pipeline,power,SI-HR,2.2500000000238507
natural_gas_pipeline,power,SI-HU,2.426759166685121e-11
natural_gas_pipeline,power,SI-IT,0.9166666670115071
natural_gas_pipeline,power,SK-AT,65.4166666700102
natural_gas_pipeline,power,SK-CZ,19.083333330014295
natural_gas_pipeline,power,SK-HU,5.375000000028081
natural_gas_pipeline,power,SK-PL,2.3576247465137794e-11
natural_gas_pipeline,power,UK-BE,27.16666667000711
natural_gas_pipeline,power,UK-DE,9.338384483084875e-12
natural_gas_pipeline,power,UK-DK,1.0945724407993281e-11
natural_gas_pipeline,power,UK-FR,9.932721353527515e-12
natural_gas_pipeline,power,UK-IE,16.125000000012673
natural_gas_pipeline,power,UK-NL,7.0000000000076295
natural_gas_pipeline,power,UK-NO,5.5099657215508064e-12
power_line,power,AT-CH,1.5148443403144545
power_line,power,AT-CZ,0.9000000000100372
power_line,power,AT-DE,4.8200000000054475
power_line,power,AT-HU,0.30000000000732985
power_line,power,AT-IT,0.3440000000059104
power_line,power,AT-SI,0.9500000000138639
power_line,power,AT-SK,0.0
power_line,power,BE-DE,0.40000000000787217
power_line,power,BE-FR,0.6500000000063173
power_line,power,BE-LU,0.4000000000131835
power_line,power,BE-NL,0.9500000000169181
power_line,power,BE-NO,0.0
power_line,power,BE-UK,0.7500000000041815
power_line,power,BG-EL,0.30000000000622157
power_line,power,BG-RO,1.4999999999999503
power_line,power,CH-AT,1.2
power_line,power,CH-DE,0.6000000000048271
power_line,power,CH-FR,1.9000000000054003
power_line,power,CH-IT,2.5760000000042713
power_line,power,CZ-AT,0.9
power_line,power,CZ-DE,2.113111805821802
power_line,power,CZ-PL,0.8000000000075446
power_line,power,CZ-SK,2.199999999999956
power_line,power,DE-AT,4.82
power_line,power,DE-BE,0.4
power_line,power,DE-CH,0.325
power_line,power,DE-CZ,1.32
power_line,power,DE-DK,1.8500000000041952
power_line,power,DE-FR,1.7986584680718707
power_line,power,DE-LU,1.3999999999858326
power_line,power,DE-NL,1.4680000000081814
power_line,power,DE-NO,1.444000000001495
power_line,power,DE-PL,2.1470000000038763
power_line,power,DE-SE,0.60000000000184
power_line,power,DE-UK,5.312961801821187e-12
power_line,power,DK-DE,1.149
power_line,power,DK-NL,2.6999999999996454
power_line,power,DK-NO,1.110000000003274
power_line,power,DK-SE,2.415000000006359
power_line,power,DK-UK,1.3999999999711306
power_line,power,EE-FI,1.0160000000192815
power_line,power,EE-LV,0.8960000000110309
power_line,power,EL-BG,0.3
power_line,power,EL-IT,1.9999999999989095
power_line,power,ES-FR,7.849999999999865
power_line,power,ES-PT,3.9766730850044594
power_line,power,FI-EE,1.016
power_line,power,FI-NO,0.06100000001392676
power_line,power,FI-SE,2.300000000009
power_line,power,FR-BE,1.8
power_line,power,FR-CH,2.385
power_line,power,FR-DE,1.3
power_line,power,FR-ES,2.0
power_line,power,FR-IT,1.8820000000024542
power_line,power,FR-LU,1.3
power_line,power,FR-NO,0.0
power_line,power,FR-UK,2.51400000000281
power_line,power,HR-HU,1.499999999999969
power_line,power,HR-SI,0.6000000000296966
power_line,power,HU-AT,0.3
power_line,power,HU-HR,0.6
power_line,power,HU-RO,2.30108632845504
power_line,power,HU-SI,1.2857076882974486e-11
power_line,power,HU-SK,0.8000000000099478
power_line,power,IE-UK,0.9870000000076203
power_line,power,IT-AT,0.024
power_line,power,IT-CH,1.81
power_line,power,IT-EL,0.0
power_line,power,IT-FR,0.995
power_line,power,IT-SI,2.8049999999976487
power_line,power,LT-LV,0.9040000000126406
power_line,power,LT-PL,1.199999999998512
power_line,power,LT-SE,0.7000000000022064
power_line,power,LU-BE,0.4
power_line,power,LU-DE,0.0
power_line,power,LU-FR,1.2
power_line,power,LV-EE,0.679
power_line,power,LV-LT,1.059
power_line,power,NL-BE,0.95
power_line,power,NL-DE,1.468
power_line,power,NL-DK,0.7
power_line,power,NL-NO,0.6200000000015612
power_line,power,NL-UK,1.01600000000415
power_line,power,NO-BE,0.0
power_line,power,NO-DE,1.444
power_line,power,NO-DK,1.632
power_line,power,NO-FI,0.135
power_line,power,NO-FR,0.0
power_line,power,NO-NL,0.49
power_line,power,NO-SE,3.695000000027432
power_line,power,NO-UK,1.4000000000029331
power_line,power,PL-CZ,0.8
power_line,power,PL-DE,1.733
power_line,power,PL-LT,0.35
power_line,power,PL-SE,0.30000000000193894
power_line,power,PL-SK,1.5999999999999721
power_line,power,PT-ES,2.5
power_line,power,RO-BG,0.5
power_line,power,RO-HU,0.35
power_line,power,SE-DE,0.615
power_line,power,SE-DK,2.015
power_line,power,SE-FI,2.7
power_line,power,SE-LT,0.7
power_line,power,SE-NO,3.995
power_line,power,SE-PL,0.6
power_line,power,SI-AT,0.95
power_line,power,SI-HR,0.6
power_line,power,SI-HU,0.0
power_line,power,SI-IT,0.397
power_line,power,SK-AT,0.0
power_line,power,SK-CZ,0.6
power_line,power,SK-HU,0.7
power_line,power,SK-PL,0.6
power_line,power,UK-BE,0.75
power_line,power,UK-DE,0.0
power_line,power,UK-DK,0.0
power_line,power,UK-FR,2.514
power_line,power,UK-IE,0.984
power_line,power,UK-NL,1.016
power_line,power,UK-NO,1.4
battery,energy,AT,3.881042775389601e-12
battery,energy,BE,3.8817056055145235e-12
battery,energy,BG,5.89750874693091e-12
battery,energy,CH,3.88080491718754e-12
battery,energy,CZ,5.905192581179843e-12
battery,energy,DE,5.8724890350990235e-12
battery,energy,DK,5.95543310986944e-12
battery,energy,EE,5.952972927374254e-12
battery,energy,EL,5.845397128307056e-12
battery,energy,ES,5.7784617847555846e-12
battery,energy,FI,6.098813298836781e-12
battery,energy,FR,5.93908626576002e-12
battery,energy,HR,5.97785207034034e-12
battery,energy,HU,5.729089667609198e-12
battery,energy,IE,6.01355949752272e-12
battery,energy,IT,6.052627154323588e-12
battery,energy,LT,5.762337261262472e-12
battery,energy,LU,5.852611745859973e-12
battery,energy,LV,5.97130936806372e-12
battery,energy,NL,6.0806316701581915e-12
battery,energy,NO,5.832867492632735e-12
battery,energy,PL,6.086668655262131e-12
battery,energy,PT,6.014051498437532e-12
battery,energy,RO,5.71793065122096e-12
battery,energy,SE,5.962788836927725e-12
battery,energy,SI,5.923835182875464e-12
battery,energy,SK,5.707958025814578e-12
battery,energy,UK,5.949101098871558e-12
battery,power,AT,3.865574347233936e-12
battery,power,BE,3.865745255520104e-12
battery,power,BG,4.367617134441189e-12
battery,power,CH,3.862650812134056e-12
battery,power,CZ,4.3060438614140745e-12
battery,power,DE,4.285077629111305e-12
battery,power,DK,5.395299178434115e-12
battery,power,EE,5.558543443203221e-12
battery,power,EL,5.4568809723361745e-12
battery,power,ES,4.677976783997193e-12
battery,power,FI,5.73184223984324e-12
battery,power,FR,4.384645711721098e-12
battery,power,HR,4.852521082261251e-12
battery,power,HU,4.031193784728206e-12
battery,power,IE,4.775704340428432e-12
battery,power,IT,5.414749035797302e-12
battery,power,LT,5.179135993818902e-12
battery,power,LU,4.262814639287428e-12
battery,power,LV,5.735988262855891e-12
battery,power,NL,4.960667199772165e-12
battery,power,NO,5.449908564747042e-12
battery,power,PL,5.270537560636172e-12
battery,power,PT,4.7747534968227646e-12
battery,power,RO,4.05562488232336e-12
battery,power,SE,5.544639371104004e-12
battery,power,SI,4.884863071549386e-12
battery,power,SK,4.0263369100762164e-12
battery,power,UK,5.550071255043006e-12
hydrogen_storage,energy,AT,2.883290149797827e-10
hydrogen_storage,energy,BE,2.883290149797827e-10
hydrogen_storage,energy,BG,2.883290149797827e-10
hydrogen_storage,energy,CH,2.883290149797827e-10
hydrogen_storage,energy,CZ,2.883290149797827e-10
hydrogen_storage,energy,DE,2.883290149797827e-10
hydrogen_storage,energy,DK,2.883290149797827e-10
hydrogen_storage,energy,EE,2.883290149797827e-10
hydrogen_storage,energy,EL,2.883290149797827e-10
hydrogen_storage,energy,ES,2.883290149797827e-10
hydrogen_storage,energy,FI,2.883290149797827e-10
hydrogen_storage,energy,FR,2.883290149797827e-10
hydrogen_storage,energy,HR,2.883290149797827e-10
hydrogen_storage,energy,HU,2.883290149797827e-10
hydrogen_storage,energy,IE,2.883290149797827e-10
hydrogen_storage,energy,IT,2.883290149797827e-10
hydrogen_storage,energy,LT,2.883290149797827e-10
hydrogen_storage,energy,LU,2.883290149797827e-10
hydrogen_storage,energy,LV,2.883290149797827e-10
hydrogen_storage,energy,NL,2.883290149797827e-10
hydrogen_storage,energy,NO,2.883290149797827e-10
hydrogen_storage,energy,PL,2.883290149797827e-10
hydrogen_storage,energy,PT,2.883290149797827e-10
hydrogen_storage,energy,RO,2.883290149797827e-10
hydrogen_storage,energy,SE,2.883290149797827e-10
hydrogen_storage,energy,SI,2.883290149797827e-10
hydrogen_storage,energy,SK,2.883290149797827e-10
hydrogen_storage,energy,UK,2.883290149797827e-10
hydrogen_storage,power,AT,5.983884831429067e-13
hydrogen_storage,power,BE,5.984750348960482e-13
hydrogen_storage,power,BG,6.717352478352489e-13
hydrogen_storage,power,CH,5.984327359203631e-13
hydrogen_storage,power,CZ,6.708765253653143e-13
hydrogen_storage,power,DE,6.654043742003329e-13
hydrogen_storage,power,DK,8.26856043840573e-13
hydrogen_storage,power,EE,8.405459734638853e-13
hydrogen_storage,power,EL,8.107790463472352e-13
hydrogen_storage,power,ES,7.549219067839992e-13
hydrogen_storage,power,FI,8.301321125748117e-13
hydrogen_storage,power,FR,6.636471702270815e-13
hydrogen_storage,power,HR,7.556748976890244e-13
hydrogen_storage,power,HU,6.261126921354316e-13
hydrogen_storage,power,IE,7.201619543093838e-13
hydrogen_storage,power,IT,7.775421123828664e-13
hydrogen_storage,power,LT,7.888592656293627e-13
hydrogen_storage,power,LU,6.620303423717415e-13
hydrogen_storage,power,LV,8.365684754967707e-13
hydrogen_storage,power,NL,7.444084020045922e-13
hydrogen_storage,power,NO,8.010357755658569e-13
hydrogen_storage,power,PL,7.919004665472808e-13
hydrogen_storage,power,PT,7.217929281837731e-13
hydrogen_storage,power,RO,6.250511141686623e-13
hydrogen_storage,power,SE,8.23126343269804e-13
hydrogen_storage,power,SI,7.423500428834279e-13
hydrogen_storage,power,SK,6.250355821698028e-13
hydrogen_storage,power,UK,8.032931509660615e-13
natural_gas_storage,energy,AT,91177.156643274
natural_gas_storage,energy,BE,8185.328823237492
natural_gas_storage,energy,BG,6258.545802094563
natural_gas_storage,energy,CH,0.0
natural_gas_storage,energy,CZ,22754.817341053098
natural_gas_storage,energy,DE,235511.002878586
natural_gas_storage,energy,DK,4991.01526
natural_gas_storage,energy,EE,0.0
natural_gas_storage,energy,EL,0.0
natural_gas_storage,energy,ES,31827.558396539753
natural_gas_storage,energy,FI,0.0
natural_gas_storage,energy,FR,102103.69371649575
natural_gas_storage,energy,HR,6110.307716308838
natural_gas_storage,energy,HU,66633.61762826241
natural_gas_storage,energy,IE,0.0
natural_gas_storage,energy,IT,195662.97720781213
natural_gas_storage,energy,LT,0.0
natural_gas_storage,energy,LU,0.0
natural_gas_storage,energy,LV,0.0
natural_gas_storage,energy,NL,101152.14163591324
natural_gas_storage,energy,NO,0.0
natural_gas_storage,energy,PL,34727.70236758038
natural_gas_storage,energy,PT,3668.378789669895
natural_gas_storage,energy,RO,31325.733078929057
natural_gas_storage,energy,SE,3673.613348445104
natural_gas_storage,energy,SI,0.0
natural_gas_storage,energy,SK,55388.75115523585
natural_gas_storage,energy,UK,13849.912320260759
natural_gas_storage,power,AT,43.22726266464325
natural_gas_storage,power,BE,7.064509936956469
natural_gas_storage,power,BG,1.9921872934631155
natural_gas_storage,power,CH,0.0
natural_gas_storage,power,CZ,39.18852234866592
natural_gas_storage,power,DE,300.7896079820389
natural_gas_storage,power,DK,14.962578869764217
natural_gas_storage,power,EE,0.0
natural_gas_storage,power,EL,0.0
natural_gas_storage,power,ES,12.470329142574915
natural_gas_storage,power,FI,0.0
natural_gas_storage,power,FR,143.27293327376842
natural_gas_storage,power,HR,3.177260333725027
natural_gas_storage,power,HU,34.58640535770427
natural_gas_storage,power,IE,0.0
natural_gas_storage,power,IT,264.32530870990433
natural_gas_storage,power,LT,0.0
natural_gas_storage,power,LU,0.0
natural_gas_storage,power,LV,0.0
natural_gas_storage,power,NL,72.7430985226957
natural_gas_storage,power,NO,0.0
natural_gas_storage,power,PL,34.48717988199269
natural_gas_storage,power,PT,3.639264672291562
natural_gas_storage,power,RO,18.187216706968524
natural_gas_storage,power,SE,3.668113396073732
natural_gas_storage,power,SI,0.0
natural_gas_storage,power,SK,32.60016935027116
natural_gas_storage,power,UK,52.07616193282642
pumped_hydro,energy,AT,110.32907420706651
pumped_hydro,energy,BE,5.710000000000001
pumped_hydro,energy,BG,25.344889132292632
pumped_hydro,energy,CH,84.80031019253384
pumped_hydro,energy,CZ,2.3000000000000003
pumped_hydro,energy,DE,26.092043921216057
pumped_hydro,energy,DK,0.0
pumped_hydro,energy,EE,0.0
pumped_hydro,energy,EL,5.14
pumped_hydro,energy,ES,125.70749864905048
pumped_hydro,energy,FI,0.0
pumped_hydro,energy,FR,82.68299999999999
pumped_hydro,energy,HR,9.39699356177283
pumped_hydro,energy,HU,0.0
pumped_hydro,energy,IE,1.8
pumped_hydro,energy,IT,144.25390579327612
pumped_hydro,energy,LT,10.8
pumped_hydro,energy,LU,0.391000000000269
pumped_hydro,energy,LV,0.0
pumped_hydro,energy,NL,0.0
pumped_hydro,energy,NO,25.283075864466554
pumped_hydro,energy,PL,13.087262602595294
pumped_hydro,energy,PT,61.16073611319235
pumped_hydro,energy,RO,0.0
pumped_hydro,energy,SE,1.666711794260845
pumped_hydro,energy,SI,0.0
pumped_hydro,energy,SK,0.0
pumped_hydro,energy,UK,24.41786069653903
pumped_hydro,power,AT,6.090000000001092
pumped_hydro,power,BE,1.308
pumped_hydro,power,BG,1.399
pumped_hydro,power,CH,4.6808503813182245
pumped_hydro,power,CZ,1.1725095516700001
pumped_hydro,power,DE,5.156329113062858
pumped_hydro,power,DK,0.0
pumped_hydro,power,EE,0.0
pumped_hydro,power,EL,0.6990000000000001
pumped_hydro,power,ES,6.938866044829199
pumped_hydro,power,FI,0.0
pumped_hydro,power,FR,5.303999999999999
pumped_hydro,power,HR,0.5187
pumped_hydro,power,HU,0.0
pumped_hydro,power,IE,0.292
pumped_hydro,power,IT,7.9626
pumped_hydro,power,LT,0.9
pumped_hydro,power,LU,0.39100000000099416
pumped_hydro,power,LV,0.0
pumped_hydro,power,NL,0.0
pumped_hydro,power,NO,1.3955880000013523
pumped_hydro,power,PL,1.4230000000011613
pumped_hydro,power,PT,3.375981223502015
pumped_hydro,power,RO,0.0
pumped_hydro,power,SE,0.092
pumped_hydro,power,SI,0.185
pumped_hydro,power,SK,0.9971647697767292
pumped_hydro,power,UK,2.789378109453936
vanadium_redox_flow_battery,energy,AT,6.235716603452444e-12
vanadium_redox_flow_battery,energy,BE,6.235716603452444e-12
vanadium_redox_flow_battery,energy,BG,6.235716603452444e-12
vanadium_redox_flow_battery,energy,CH,6.235716603452444e-12
vanadium_redox_flow_battery,energy,CZ,6.235716603452444e-12
vanadium_redox_flow_battery,energy,DE,6.235716603452444e-12
vanadium_redox_flow_battery,energy,DK,6.235716603452444e-12
vanadium_redox_flow_battery,energy,EE,6.235716603452444e-12
vanadium_redox_flow_battery,energy,EL,6.235716603452444e-12
vanadium_redox_flow_battery,energy,ES,6.235716603452444e-12
vanadium_redox_flow_battery,energy,FI,6.235716603452444e-12
vanadium_redox_flow_battery,energy,FR,6.235716603452444e-12
vanadium_redox_flow_battery,energy,HR,6.235716603452444e-12
vanadium_redox_flow_battery,energy,HU,6.235716603452444e-12
vanadium_redox_flow_battery,energy,IE,6.235716603452444e-12
vanadium_redox_flow_battery,energy,IT,6.235716603452444e-12
vanadium_redox_flow_battery,energy,LT,6.235716603452444e-12
vanadium_redox_flow_battery,energy,LU,6.235716603452444e-12
vanadium_redox_flow_battery,energy,LV,6.235716603452444e-12
vanadium_redox_flow_battery,energy,NL,6.235716603452444e-12
vanadium_redox_flow_battery,energy,NO,6.235716603452444e-12
vanadium_redox_flow_battery,energy,PL,6.235716603452444e-12
vanadium_redox_flow_battery,energy,PT,6.235716603452444e-12
vanadium_redox_flow_battery,energy,RO,6.235716603452444e-12
vanadium_redox_flow_battery,energy,SE,6.235716603452444e-12
vanadium_redox_flow_battery,energy,SI,6.235716603452444e-12
vanadium_redox_flow_battery,energy,SK,6.235716603452444e-12
vanadium_redox_flow_battery,energy,UK,6.235716603452444e-12
vanadium_redox_flow_battery,power,AT,1.3696183499429882e-12
vanadium_redox_flow_battery,power,BE,1.3696216395499516e-12
vanadium_redox_flow_battery,power,BG,1.4894145934322615e-12
vanadium_redox_flow_battery,power,CH,1.369598456297898e-12
vanadium_redox_flow_battery,power,CZ,1.483910397876866e-12
vanadium_redox_flow_battery,power,DE,1.4767511440932705e-12
vanadium_redox_flow_battery,power,DK,1.790434038020484e-12
vanadium_redox_flow_battery,power,EE,1.8399514077849074e-12
vanadium_redox_flow_battery,power,EL,1.7856658637126622e-12
vanadium_redox_flow_battery,power,ES,1.621624224130194e-12
vanadium_redox_flow_battery,power,FI,1.8171974768372927e-12
vanadium_redox_flow_battery,power,FR,1.4675827928862573e-12
vanadium_redox_flow_battery,power,HR,1.6526310893975077e-12
vanadium_redox_flow_battery,power,HU,1.4120406666574319e-12
vanadium_redox_flow_battery,power,IE,1.5551015407032567e-12
vanadium_redox_flow_battery,power,IT,1.6841865809129029e-12
vanadium_redox_flow_battery,power,LT,1.7570312483647174e-12
vanadium_redox_flow_battery,power,LU,1.4713877219699988e-12
vanadium_redox_flow_battery,power,LV,1.8338359652647986e-12
vanadium_redox_flow_battery,power,NL,1.6093812039234948e-12
vanadium_redox_flow_battery,power,NO,1.783830367244095e-12
vanadium_redox_flow_battery,power,PL,1.7230331234371004e-12
vanadium_redox_flow_battery,power,PT,1.5687922099455624e-12
vanadium_redox_flow_battery,power,RO,1.411007197811658e-12
vanadium_redox_flow_battery,power,SE,1.7648777517333272e-12
vanadium_redox_flow_battery,power,SI,1.6306559538278578e-12
vanadium_redox_flow_battery,power,SK,1.4111636375430103e-12
vanadium_redox_flow_battery,power,UK,1.739454179996619e-12
